Mr. Veeti Hokkanen,veeti.hokkanen@example.com,02-269-260
Mr. Ashton Thomas,ashton.thomas@example.com,(684)-208-9757
Mrs. Meghan Hunt,meghan.hunt@example.com,(679)-823-7718
Ms. Andrea Reyes,andrea.reyes@example.com,955-657-170
Mrs. Becky Romero,becky.romero@example.com,(815)-203-0151
Ms. Susie Flores,susie.flores@example.com,015242 44606
Ms. Özsu Okumuş,ozsu.okumus@example.com,(662)-386-7910
Mrs. Peyton Johnson,peyton.johnson@example.com,(079)-095-7960
Mr. Murat Çamdalı,murat.camdali@example.com,(573)-295-5012
Mrs. Alyssa Holland,alyssa.holland@example.com,06-9435-4861
Mrs. Emma Nielsen,emma.nielsen@example.com,40272007
Mr. Jackson Jenkins,jackson.jenkins@example.com,051-227-9501
Mr. Pim Verspuij,pim.verspuij@example.com,(688)-707-5208
Mr. Felix Poulsen,felix.poulsen@example.com,60496880
Ms. Capucine Perrin,capucine.perrin@example.com,03-16-90-26-35
Mrs. Nerea Peña,nerea.pena@example.com,955-205-856
Ms. Anita Anderson,anita.anderson@example.com,(210)-266-9358
Mr. Garcia Dias,garcia.dias@example.com,(05) 5711-8746
Mr. Heino Reil,heino.reil@example.com,0036-0655461
Madame. Natalie Rodriguez,natalie.rodriguez@example.com,078 098 66 94